First Name,Last Name,Gender,Age,Country,Date,Unnamed: 6,Salary
Lester,Prothro,Male,20,France,15/10/2017,,6574
Francesca,Beaudreau,Female,21,France,15/10/2017,,5412
Angel,Sanor,Male,22,France,15/10/2017,,3259
Shavonne,Pia,Female,23,France,21/05/2015,,1546
Gaston,Brumm,Male,24,United States,21/05/2015,,2554
Mara,Hashimoto,Female,25,Great Britain,16/08/2016,,1582
Sau,Pfau,Female,26,United States,21/05/2015,,9536
Kathleen,Hanner,Female,27,United States,15/10/2017,,3549
Lester,Grindle,Female,28,Great Britain,21/05/2015,,6458
Weston,Martina,Male,29,United States,21/05/2015,,6540
Tommie,Underdahl,Male,30,United States,16/08/2016,,3265
Loreta,Curren,Female,31,France,21/05/2015,,9654
Mark,Zabriskie,Male,32,Great Britain,21/05/2015,,2587
Earlean,Melgar,Female,33,United States,16/08/2016,,2456
Kelsie,Wachtel,Female,34,France,16/08/2016,,8642
Fallon,Winward,Female,35,Great Britain,16/08/2016,,5486
Mark,Hail,Male,36,Great Britain,16/08/2016,,5555
Mark,Cail,Female,37,United States,16/08/2016,,6525
Carla,Trumbull,Female,38,Great Britain,21/05/2015,,3264
Lauralee,Perrine,Female,39,Great Britain,16/08/2016,,6597
Rasheeda,Alkire,Female,40,United States,16/08/2016,,6125
Nena,Hacker,Female,41,United States,15/10/2017,,8563
Angelyn,Vong,Female,42,United States,21/05/2015,,6125
Kina,Hazelton,Female,43,Great Britain,16/08/2016,,3259
Demetria,Abbey,Female,44,United States,21/05/2015,,3265
Dulce,Abril,Female,45,United States,15/10/2017,,1562
Sherron,Ascencio,Female,46,Great Britain,16/08/2016,,3256
Stasia,Becker,Female,47,Great Britain,16/08/2016,,7521
Roma,Lafollette,Female,48,United States,15/10/2017,,2654
Judie,Claywell,Female,49,France,16/08/2016,,7569
Shanice,Mccrystal,Female,50,United States,21/05/2015,,2567
Philip,Gent,Male,51,France,21/05/2015,,2587
Dewitt,Borger,Male,52,United States,21/05/2015,,8514
Veta,Muntz,Female,53,Great Britain,15/10/2017,,4569
Chase,Karner,Male,54,United States,15/10/2017,,2154
Belinda,Partain,Female,55,United States,15/10/2017,,2564
Dorcas,Darity,Female,56,United States,21/05/2015,,8765
Franklyn,Unknow,Male,57,France,15/10/2017,,2579
Jeromy,Danz,Male,58,United States,15/10/2017,,3265
Arcelia,Bouska,Female,59,Great Britain,21/05/2015,,1258
Shavon,Benito,Female,60,France,15/10/2017,,3579
Willodean,Harn,Female,61,United States,16/08/2016,,3567
Vincenza,Weiland,Female,62,United States,21/05/2015,,6548
Garth,Gangi,Male,63,United States,16/08/2016,,3256
Libbie,Dalby,Female,64,France,21/05/2015,,5489
Many,Cuccia,Female,65,Great Britain,21/05/2015,,5489
Teresa,Strawn,Female,66,France,21/05/2015,,3569
Holly,Eudy,Female,67,United States,16/08/2016,,8561
Etta,Hurn,Female,68,Great Britain,15/10/2017,,3598
Nereida,Magwood,Female,69,United States,16/08/2016,,2468
